{
    "camera_matrix": [
        1705.620769784079,
        0.0,
        899.3099057289822,
        0.0,
        1702.0258974975245,
        561.5498926803555,
        0.0,
        0.0,
        1.0
    ],
    "distortion_coefficients": [
        0.15678208220194503,
        -0.43190175329780606,
        0.005368083920619885,
        -0.017070654052241452,
        2.2824885059476516,
        -0.057919403618905255,
        0.5957246270434168,
        -0.2517334381906523,
        0.0,
        0.0,
        0.0,
        0.0,
        0.0,
        0.0
    ],
    "avg_reprojection_error": 0.8490451674252943,
    "num_images": 147
}
