{
    "avg_reprojection_error": 0.46631673866634465,
    "camera_matrix": [
        1675.3225082452527,
        0.0,
        988.1066157924818,
        0.0,
        1686.845071040597,
        535.7176843168327,
        0.0,
        0.0,
        1.0
    ],
    "distortion_coefficients": [
        0.00482693293697259,
        -0.16601394227634497,
        -0.0037416309170518157,
        0.005327248668047563,
        -0.4414508805149798,
        -0.0055541645625400635,
        0.00543632631181969,
        0.017442956962300252
    ]
}
